Price,Close,High,Low,Open,Volume
Ticker,DOGE-INR,DOGE-INR,DOGE-INR,DOGE-INR,DOGE-INR
Date,,,,,
2023-04-04,7.891909122467041,8.433879852294922,6.312294006347656,6.499791145324707,287263822394
2023-04-05,7.814013957977295,8.427450180053711,7.628471851348877,7.892269134521484,254272994620
2023-04-06,7.6063551902771,8.115998268127441,7.5462870597839355,7.814712047576904,125344908661
2023-04-07,6.98938512802124,7.608880996704102,6.98938512802124,7.606828212738037,115463984546
2023-04-08,6.751068115234375,7.045350074768066,6.701253890991211,6.991550922393799,70268132149
2023-04-09,6.662220001220703,6.863277912139893,6.6319379806518555,6.750010013580322,41569236691
2023-04-10,6.820181846618652,6.861371994018555,6.658041954040527,6.661900997161865,37210895125
2023-04-11,6.9564900398254395,6.990975856781006,6.7641801834106445,6.820803165435791,38850887431
2023-04-12,6.913358211517334,7.035792827606201,6.885598182678223,6.956398963928223,38787364447
2023-04-13,6.838290214538574,6.9291300773620605,6.675373077392578,6.91335916519165,44300825414
2023-04-14,7.145780086517334,7.232664108276367,6.805173873901367,6.837856769561768,66201216454
2023-04-15,7.266695022583008,7.434971809387207,7.033206939697266,7.145887851715088,82445808688
2023-04-16,7.281854152679443,7.402744770050049,7.174099922180176,7.26672887802124,37972988070
2023-04-17,7.404706954956055,7.49006986618042,7.2210540771484375,7.28136682510376,48678232520
2023-04-18,7.499287128448486,7.756753921508789,7.249612808227539,7.405480861663818,111567182077
2023-04-19,7.717229843139648,7.755039215087891,7.383831024169922,7.500020980834961,68969475005
2023-04-20,7.235116958618164,7.719922065734863,7.148880958557129,7.717181205749512,105210218173
2023-04-21,6.894659996032715,7.63401985168457,6.818362236022949,7.23425817489624,160250724374
2023-04-22,6.438497066497803,6.951598167419434,6.3593878746032715,6.894458770751953,69992158476
2023-04-23,6.594019889831543,6.638678073883057,6.424870014190674,6.438721179962158,32561066506
2023-04-24,6.467555046081543,6.614819049835205,6.353024959564209,6.594481945037842,29965062738
2023-04-25,6.448638916015625,6.558469772338867,6.3568501472473145,6.467469215393066,32156102815
2023-04-26,6.546836853027344,6.553243160247803,6.378604888916016,6.448552131652832,28191513838
2023-04-27,6.428781986236572,6.816157817840576,6.226560115814209,6.546924114227295,59094608745
2023-04-28,6.5567121505737305,6.615140914916992,6.420969009399414,6.42997407913208,35644641770
2023-04-29,6.569437026977539,6.591546058654785,6.497996807098389,6.55695104598999,21171142566
2023-04-30,6.672858238220215,6.690461158752441,6.564389228820801,6.569536209106445,21959912419
2023-05-01,6.520748138427734,6.678666114807129,6.509203910827637,6.672603130340576,21600765140
2023-05-02,6.445475101470947,6.543385982513428,6.3484930992126465,6.519951820373535,26633689126
2023-05-03,6.444630146026611,6.460141181945801,6.3679070472717285,6.445662021636963,19189515343
2023-05-04,6.5189738273620605,6.5855021476745605,6.3258748054504395,6.444663047790527,25102508356
2023-05-05,6.410562992095947,6.5140838623046875,6.39083194732666,6.518118858337402,20875474184
2023-05-06,6.57027006149292,6.643898963928223,6.372125148773193,6.410826206207275,27418904849
2023-05-07,6.293065071105957,6.569880962371826,6.247334003448486,6.569880962371826,27882474977
2023-05-08,6.26951789855957,6.333708763122559,6.268093109130859,6.292163848876953,16792721255
2023-05-09,5.927504062652588,6.301517009735107,5.803336143493652,6.268431186676025,37586306731
2023-05-10,6.005084991455078,6.021230220794678,5.914626121520996,5.927505016326904,20456413062
2023-05-11,5.998682975769043,6.110424041748047,5.846084117889404,6.005401134490967,28218554251
2023-05-12,5.918193817138672,5.999293804168701,5.714469909667969,5.999293804168701,26718830325
2023-05-13,5.960197925567627,5.96304988861084,5.728571891784668,5.917500019073486,30034266302
2023-05-14,5.900125980377197,5.960348129272461,5.879115104675293,5.960348129272461,12386420355
2023-05-15,5.917295932769775,5.970249176025391,5.874849796295166,5.900163173675537,11207166972
2023-05-16,5.927049160003662,6.038503170013428,5.852530002593994,5.9169020652771,18531725593
2023-05-17,5.985360145568848,6.019069194793701,5.8559041023254395,5.9272589683532715,15769126693
2023-05-18,6.176525115966797,6.206735134124756,5.972157001495361,5.985437870025635,26975256762
2023-05-19,6.084126949310303,6.17577600479126,5.949174880981445,6.17577600479126,25557430841
2023-05-20,6.090863227844238,6.1268720626831055,6.0519208908081055,6.083183765411377,13986452955
2023-05-21,6.102832794189453,6.117248058319092,6.065904140472412,6.0919928550720215,9572800218
2023-05-22,5.980950832366943,6.128365993499756,5.974082946777344,6.102502822875977,11791819774
2023-05-23,6.04609489440918,6.1199750900268555,5.891172885894775,5.981090068817139,17394565467
2023-05-24,6.039732933044434,6.119760990142822,6.014973163604736,6.046210765838623,13272053891
2023-05-25,5.850780010223389,6.040775775909424,5.791197776794434,6.040032863616943,19874358423
2023-05-26,5.864390850067139,5.871673107147217,5.724794864654541,5.850683212280273,16172182584
2023-05-27,5.860754013061523,5.89267110824585,5.826722145080566,5.864511013031006,13391234912
2023-05-28,6.001037120819092,6.050960063934326,5.855075836181641,5.86062479019165,12621319580
2023-05-29,6.078616142272949,6.1035590171813965,5.961109161376953,6.000887870788574,15743840730
2023-05-30,6.043621063232422,6.103860855102539,6.0161452293396,6.078816890716553,13030376160
2023-05-31,5.983113765716553,6.067349910736084,5.976442813873291,6.043439865112305,20517103155
2023-06-01,5.923955917358398,6.0073561668396,5.859592914581299,5.983191013336182,15673991581
2023-06-02,5.882152080535889,5.9358320236206055,5.8543291091918945,5.924091815948486,13449548418
2023-06-03,5.983367919921875,6.030549049377441,5.859402179718018,5.881988048553467,14176029704
2023-06-04,5.98797082901001,6.011100769042969,5.960475921630859,5.9832658767700195,9232657188
2023-06-05,5.972367763519287,6.036128044128418,5.97195291519165,5.988032817840576,11171389404
2023-06-06,5.4930291175842285,5.985640048980713,5.351256847381592,5.972691059112549,41759397379
2023-06-07,5.8070478439331055,5.92431116104126,5.458861827850342,5.492633819580078,35394280880
2023-06-08,5.560180187225342,5.806901931762695,5.525580883026123,5.806901931762695,23033454039
2023-06-09,5.606381893157959,5.644496917724609,5.545263767242432,5.560348987579346,13843666114
2023-06-10,5.7275800704956055,5.847659111022949,5.577931880950928,5.60618782043457,22592749986
2023-06-11,5.098802089691162,5.8184661865234375,4.826025009155273,5.727610111236572,80424596507
2023-06-12,5.077575206756592,5.152753829956055,5.05368709564209,5.098844051361084,19449615380
2023-06-13,5.060400009155273,5.080704212188721,4.981328010559082,5.076845169067383,17359396787
2023-06-14,5.07922887802124,5.136260032653809,4.998822212219238,5.060391902923584,16838337734
2023-06-15,4.954493999481201,5.1112518310546875,4.83646821975708,5.079224109649658,20363648755
2023-06-16,5.037890911102295,5.063982009887695,4.914838790893555,4.954625129699707,17908102695
2023-06-17,5.086583137512207,5.130124092102051,4.993573188781738,5.037876129150391,16260137523
2023-06-18,5.096014976501465,5.145664215087891,5.064690113067627,5.086935997009277,12610782766
2023-06-19,5.092402935028076,5.221452236175537,5.045854091644287,5.095725059509277,19950313855
2023-06-20,5.110968112945557,5.135870933532715,5.054685115814209,5.092442989349365,12280621770
2023-06-21,5.1691670417785645,5.170199871063232,4.996991157531738,5.111170768737793,15587323727
2023-06-22,5.383868217468262,5.445892810821533,5.162650108337402,5.169161796569824,30343008718
2023-06-23,5.377449035644531,5.654879093170166,5.369850158691406,5.383277893066406,33273939652
2023-06-24,5.587403774261475,5.713387966156006,5.373457908630371,5.3772101402282715,26149309836
2023-06-25,5.471886157989502,5.598474025726318,5.38465690612793,5.587944984436035,22705066829
2023-06-26,5.473679065704346,5.570128917694092,5.45393705368042,5.471598148345947,15661511818
2023-06-27,5.309844017028809,5.47535514831543,5.2384748458862305,5.472838878631592,21889002073
2023-06-28,5.374605178833008,5.390143871307373,5.293652057647705,5.309722900390625,17417285163
2023-06-29,5.135002136230469,5.376197814941406,5.050363063812256,5.375007152557373,22538005749
2023-06-30,5.204174995422363,5.251139163970947,5.131842136383057,5.134389877319336,15791030460
2023-07-01,5.457641124725342,5.476771831512451,5.140060901641846,5.203764915466309,40152543689
2023-07-02,5.621816158294678,5.811539173126221,5.456803798675537,5.457845211029053,52134869749
2023-07-03,5.585648059844971,5.657084941864014,5.477466106414795,5.621851921081543,30707417108
2023-07-04,5.601562976837158,5.6289801597595215,5.525186061859131,5.5860371589660645,21755082863
2023-07-05,5.653642177581787,5.857010841369629,5.56937313079834,5.601072788238525,40441876111
2023-07-06,5.523161888122559,5.6734161376953125,5.429617881774902,5.654137134552002,25869600279
2023-07-07,5.382083892822266,5.651492118835449,5.380195140838623,5.5224528312683105,23259168020
2023-07-08,5.408061981201172,5.435181140899658,5.342998027801514,5.3824591636657715,16747506039
2023-07-09,5.435108184814453,5.45136022567749,5.367578983306885,5.407712936401367,12310294297
2023-07-10,5.405943870544434,5.479194164276123,5.397432804107666,5.435215950012207,12102020462
2023-07-11,5.384198188781738,5.44814395904541,5.288102149963379,5.406154155731201,21318116292
2023-07-12,5.379697799682617,5.390501976013184,5.316402912139893,5.384551048278809,12480748736
2023-07-13,5.335929870605469,5.395715236663818,5.248603820800781,5.379734039306641,13489263873
2023-07-14,5.783727169036865,5.845210075378418,5.306547164916992,5.3361029624938965,51290871978
2023-07-15,5.6285719871521,5.970355987548828,5.517259120941162,5.783113956451416,51911298321
2023-07-16,5.90634822845459,6.131817817687988,5.583006858825684,5.628139019012451,72581029015
2023-07-17,5.708768844604492,5.923418045043945,5.698808193206787,5.906542778015137,32000386569
2023-07-18,5.736045837402344,5.977835178375244,5.600305080413818,5.709153175354004,38106575504
2023-07-19,5.629030227661133,5.7640581130981445,5.559537887573242,5.7357048988342285,23381937692
2023-07-20,5.757414817810059,5.844874858856201,5.625471115112305,5.629447937011719,34327631427
2023-07-21,5.7881598472595215,5.828125953674316,5.619615077972412,5.756481170654297,47134252967
2023-07-22,6.010439872741699,6.262801170349121,5.779195785522461,5.7889580726623535,62504057374
2023-07-23,5.775804042816162,6.010382175445557,5.746891021728516,6.010382175445557,28947451040
2023-07-24,5.889459133148193,5.970215797424316,5.758290767669678,5.775986194610596,23547723163
2023-07-25,6.076219081878662,6.318439960479736,5.786318778991699,5.888887882232666,118361735256
2023-07-26,6.707355976104736,6.822275161743164,6.045302867889404,6.076060771942139,125034723520
2023-07-27,6.390676975250244,6.726576805114746,6.332615852355957,6.707799911499023,69409610585
2023-07-28,6.389190196990967,6.533491134643555,6.336784839630127,6.391156196594238,42458695484
2023-07-29,6.360888957977295,6.40732479095459,6.270936012268066,6.389164924621582,30459660764
2023-07-30,6.596814155578613,6.689579963684082,6.340843200683594,6.360438823699951,38384080215
2023-07-31,6.420791149139404,6.617465972900391,6.337724208831787,6.596972942352295,35879546785
2023-08-01,6.399960994720459,6.5522260665893555,6.344232082366943,6.420949935913086,28535919246
2023-08-02,6.423001766204834,6.430704116821289,6.2601637840271,6.400387763977051,30375815368
2023-08-03,6.139926910400391,6.4395341873168945,6.125471115112305,6.422697067260742,30157066552
2023-08-04,6.094192028045654,6.193982124328613,6.047056198120117,6.139838218688965,31040012827
2023-08-05,6.06979513168335,6.182857036590576,6.023449897766113,6.0936408042907715,25426287415
2023-08-06,6.25746488571167,6.349816799163818,6.035211086273193,6.069891929626465,36643395926
2023-08-07,6.141446113586426,6.307590007781982,6.136020183563232,6.25713586807251,25733448129
2023-08-08,6.079229831695557,6.2422099113464355,5.990778923034668,6.141150951385498,28671207499
2023-08-09,6.212775230407715,6.247066974639893,6.065806865692139,6.0795087814331055,25319252001
2023-08-10,6.240999221801758,6.2998809814453125,6.17470121383667,6.212590217590332,28794588589
2023-08-11,6.2765212059021,6.341792106628418,6.213200092315674,6.2414021492004395,28269584506
2023-08-12,6.277100086212158,6.2930707931518555,6.2315168380737305,6.276637077331543,18446701990
2023-08-13,6.366300106048584,6.4001970291137695,6.271708965301514,6.277440071105957,25009731115
2023-08-14,6.199351787567139,6.37019681930542,6.178006172180176,6.365575790405273,22543812779
2023-08-15,6.223766803741455,6.360081195831299,6.150522232055664,6.199199199676514,28926673248
2023-08-16,5.8958210945129395,6.227605819702148,5.877292156219482,6.223207950592041,33300194684
2023-08-17,5.592144012451172,5.9294891357421875,5.5612359046936035,5.895888805389404,34069909377
2023-08-18,5.084392070770264,5.6655378341674805,4.847792148590088,5.592295169830322,56875166182
2023-08-19,5.2583088874816895,5.293206214904785,4.998232841491699,5.084280967712402,40643416407
2023-08-20,5.3019208908081055,5.354000091552734,5.256272792816162,5.258639812469482,20504197454
2023-08-21,5.308550834655762,5.37085485458374,5.290727138519287,5.30214786529541,17315100858
2023-08-22,5.197019100189209,5.323818206787109,5.099557876586914,5.308564186096191,23052535499
2023-08-23,5.200068950653076,5.241199970245361,5.074138164520264,5.1969828605651855,22544565645
2023-08-24,5.264570236206055,5.323336124420166,5.19331693649292,5.199595928192139,24208249578
2023-08-25,5.209413051605225,5.278051853179932,5.138889789581299,5.264695167541504,17407196441
2023-08-26,5.207503795623779,5.208312034606934,5.117967128753662,5.209640026092529,16755420959
2023-08-27,5.189619064331055,5.224170207977295,5.177672863006592,5.207492828369141,10556414112
2023-08-28,5.222032070159912,5.24444580078125,5.180479049682617,5.189582824707031,11689408025
2023-08-29,5.245809078216553,5.254746913909912,5.140535831451416,5.222264766693115,14027534119
2023-08-30,5.4772210121154785,5.620843887329102,5.173760890960693,5.245512962341309,36787300171
2023-08-31,5.444845199584961,5.481067180633545,5.343372821807861,5.477567195892334,21556269555
2023-09-01,5.273932933807373,5.537819862365723,5.215487003326416,5.445054054260254,27830439784
2023-09-02,5.281853199005127,5.30248498916626,5.1744818687438965,5.274041175842285,19752599320
2023-09-03,5.252439975738525,5.348779201507568,5.208356857299805,5.282313823699951,17208160563
2023-09-04,5.225958824157715,5.2720417976379395,5.20562219619751,5.252868175506592,13495659323
2023-09-05,5.227614879608154,5.26869010925293,5.173151969909668,5.225963115692139,14995795019
2023-09-06,5.316915988922119,5.327570915222168,5.203728199005127,5.2277350425720215,17443001144
2023-09-07,5.296270847320557,5.358489036560059,5.22889518737793,5.317399024963379,17341510632
2023-09-08,5.2924041748046875,5.301568984985352,5.231029033660889,5.296216011047363,13707176263
2023-09-09,5.285728931427002,5.315009117126465,5.2023820877075195,5.29304313659668,13525045532
2023-09-10,5.265439987182617,5.299657821655273,5.259101867675781,5.285563945770264,9010454436
2023-09-11,5.092062950134277,5.265481948852539,5.057398796081543,5.265481948852539,19989560188
2023-09-12,5.01469612121582,5.127193927764893,4.931629180908203,5.091829776763916,21489385786
2023-09-13,5.049892902374268,5.148752212524414,5.01346492767334,5.014880180358887,19140139876
2023-09-14,5.082701206207275,5.107564926147461,5.029216766357422,5.04978609085083,15899664190
2023-09-15,5.153785228729248,5.185385227203369,5.073614120483398,5.082682132720947,15700181457
2023-09-16,5.198440074920654,5.225050926208496,5.1135640144348145,5.153899192810059,12888471095
2023-09-17,5.164768218994141,5.2258992195129395,5.1466498374938965,5.19822883605957,11987553223
2023-09-18,5.1111979484558105,5.193871974945068,5.092184066772461,5.16510009765625,12985734387
2023-09-19,5.162316799163818,5.233043193817139,5.080212116241455,5.111192226409912,17285287672
2023-09-20,5.217555999755859,5.263686180114746,5.1581268310546875,5.162302017211914,16516324034
2023-09-21,5.203721046447754,5.244082927703857,5.1443610191345215,5.217556953430176,15574135755
2023-09-22,5.084478855133057,5.257707118988037,5.097170829772949,5.203633785247803,42978769801
2023-09-23,5.113205909729004,5.122992038726807,5.053032875061035,5.084403991699219,12006875496
2023-09-24,5.1111979484558105,5.139354228973389,5.1005120277404785,5.112950801849365,9741122427
2023-09-25,5.04013204574585,5.13081693649292,5.0445098876953125,5.111209869384766,9562901792
2023-09-26,5.061405181884766,5.087852954864502,5.032708168029785,5.040032863616943,9748455393
2023-09-27,5.047891139984131,5.085276126861572,4.988484859466553,5.061118125915527,11811438393
2023-09-28,5.036118984222412,5.103593826293945,5.019959926605225,5.047420024871826,12803272496
2023-09-29,5.115509986877441,5.126935005187988,5.026471138000488,5.035523891448975,11400074831
2023-09-30,5.1717729568481445,5.182825088500977,5.105073928833008,5.115663051605225,11806862021
2023-10-01,5.168772220611572,5.199094772338867,5.14032506942749,5.171968936920166,10348231573
2023-10-02,5.247247219085693,5.2788920402526855,5.148115158081055,5.168674945831299,13460722653
2023-10-03,5.173387050628662,5.320489883422852,5.1278839111328125,5.246962070465088,22978320678
2023-10-04,5.1089887619018555,5.180276870727539,5.095708847045898,5.17289400100708,13034745753
2023-10-05,5.11915922164917,5.125300884246826,5.031981945037842,5.109269142150879,11789783183
2023-10-06,5.070418834686279,5.128180027008057,5.063945770263672,5.119054794311523,9500135295
2023-10-07,5.104832172393799,5.115479946136475,5.065066814422607,5.070138931274414,9123567729
2023-10-08,5.108109951019287,5.125894069671631,5.081068992614746,5.104735851287842,8114216099
2023-10-09,5.071321964263916,5.12113094329834,5.059891223907471,5.10823392868042,7687692612
2023-10-10,4.894576072692871,5.078639984130859,4.855173110961914,5.071433067321777,20083487190
2023-10-11,4.913848876953125,4.929067134857178,4.877607822418213,4.894557952880859,10265734482
2023-10-12,4.861784934997559,4.946250915527344,4.807326793670654,4.915234088897705,12145363770
2023-10-13,4.820679187774658,4.8638458251953125,4.786341190338135,4.8617777824401855,9712104752
2023-10-14,4.863361835479736,4.8931498527526855,4.813486099243164,4.820637226104736,11600033392
2023-10-15,4.9850311279296875,4.99091911315918,4.863521099090576,4.863521099090576,9374606421
2023-10-16,4.9427900314331055,4.98512077331543,4.92394495010376,4.98512077331543,8770017131
2023-10-17,5.001317024230957,5.097813129425049,4.942872047424316,4.943422794342041,21236365387
2023-10-18,4.921974182128906,5.007101058959961,4.894683837890625,5.000944137573242,12834726529
2023-10-19,4.885564804077148,4.934755802154541,4.8613362312316895,4.921640872955322,9469140352
2023-10-20,4.894474983215332,4.894474983215332,4.8310651779174805,4.885225772857666,9958603560
2023-10-21,4.99226188659668,5.0143890380859375,4.881374835968018,4.894049167633057,12833050147
2023-10-22,5.094086170196533,5.10859489440918,4.959461212158203,4.992198944091797,12445278102
2023-10-23,5.122293949127197,5.133900165557861,5.041985988616943,5.09414005279541,12653135767
2023-10-24,5.5699968338012695,5.5827860832214355,5.1352128982543945,5.141615867614746,51394498830
2023-10-25,5.5252509117126465,5.794515132904053,5.407805919647217,5.572163105010986,56160521029
2023-10-26,5.684309005737305,5.777663230895996,5.408598899841309,5.525885105133057,44594816857
2023-10-27,5.985310077667236,6.233327865600586,5.665901184082031,5.684630870819092,84193383787
2023-10-28,5.66240119934082,6.010389804840088,5.6409502029418945,5.985753059387207,39069180759
2023-10-29,5.755843162536621,5.813415050506592,5.648131847381592,5.662520885467529,20602432920
2023-10-30,5.785380840301514,5.845852851867676,5.664851188659668,5.755911827087402,16933721780
2023-10-31,5.798155784606934,5.846963882446289,5.684474945068359,5.785370826721191,24369613467
2023-11-01,5.685996055603027,5.888216018676758,5.577479839324951,5.798018932342529,39552499508
2023-11-02,5.731299877166748,5.791554927825928,5.506818771362305,5.686161994934082,38424856261
2023-11-03,5.654674053192139,5.886223793029785,5.593993186950684,5.732737064361572,41762860950
2023-11-04,5.666765213012695,5.672121047973633,5.54690408706665,5.654400825500488,23513378320
2023-11-05,5.744521141052246,5.7593560218811035,5.659688949584961,5.667057991027832,16960949010
2023-11-06,5.922969818115234,5.954092979431152,5.736365795135498,5.744499206542969,37217142416
2023-11-07,6.356672763824463,6.357087135314941,5.874762058258057,5.922929763793945,58869577968
2023-11-08,6.119144916534424,6.357291221618652,5.9847588539123535,6.357291221618652,65689182409
2023-11-09,6.2814860343933105,6.381833076477051,6.077974796295166,6.119021892547607,44245324460
2023-11-10,6.120564937591553,6.47345495223999,5.879054069519043,6.28086519241333,80353671016
2023-11-11,6.284090995788574,6.28487491607666,6.089934825897217,6.120944976806641,54119080464
2023-11-12,6.530808925628662,6.8050007820129395,6.240602016448975,6.28415584564209,112051891454
2023-11-13,6.4958882331848145,6.661920070648193,6.342322826385498,6.531908988952637,60578265630
2023-11-14,6.220880031585693,6.61591911315918,6.1742401123046875,6.495841026306152,69000879312
2023-11-15,6.015659809112549,6.27588415145874,5.830373764038086,6.220493793487549,58802502440
2023-11-16,6.351746082305908,6.357024192810059,6.012430191040039,6.015557765960693,41880507129
2023-11-17,6.589529037475586,6.895215034484863,6.323173999786377,6.3515191078186035,129978116527
2023-11-18,7.188401222229004,7.2501749992370605,6.593373775482178,6.593634128570557,169215316587
2023-11-19,6.695261001586914,7.195927143096924,6.649096965789795,7.190321922302246,111659295462
2023-11-20,6.711320877075195,6.713160037994385,6.497798919677734,6.696243762969971,51666131221
2023-11-21,6.489058017730713,6.842665195465088,6.483819961547852,6.711296081542969,55678917854
2023-11-22,6.010851860046387,6.557466983795166,5.958579063415527,6.489058017730713,71745115209
2023-11-23,6.317688941955566,6.376534938812256,5.991243839263916,6.010441780090332,36760669368
2023-11-24,6.350843906402588,6.362895965576172,6.261678218841553,6.316543102264404,23303623341
2023-11-25,6.516671180725098,6.534328937530518,6.346992015838623,6.35073709487915,33419323035
2023-11-26,6.578151226043701,6.59066104888916,6.478867053985596,6.516602993011475,24316425224
2023-11-27,6.557532787322998,6.580286979675293,6.3608078956604,6.577949047088623,28606802475
2023-11-28,6.567971229553223,6.783398151397705,6.4233269691467285,6.556367874145508,62021637334
2023-11-29,6.7547149658203125,6.756565093994141,6.424209117889404,6.568313121795654,51605331042
2023-11-30,6.715841770172119,6.9021430015563965,6.6484270095825195,6.754332065582275,49711435370
2023-12-01,6.953105926513672,7.020988941192627,6.705778121948242,6.716296195983887,53810013869
2023-12-02,6.981112957000732,7.076482772827148,6.874107837677002,6.952829837799072,43242838415
2023-12-03,7.182816982269287,7.1995978355407715,6.955464839935303,6.981049060821533,38497928814
2023-12-04,7.126194000244141,7.255021095275879,6.983882904052734,7.183095932006836,45787471337
2023-12-05,7.670741081237793,7.672360897064209,7.110919952392578,7.126366138458252,113880355631
2023-12-06,7.852567195892334,7.922156810760498,7.313027858734131,7.669102191925049,91191162181
2023-12-07,7.9052510261535645,8.78532600402832,7.8132710456848145,7.8526811599731445,217234353839
2023-12-08,7.995405197143555,8.165349006652832,7.777735233306885,7.907444953918457,102447476406
2023-12-09,8.465681076049805,8.629176139831543,7.9898271560668945,7.99492883682251,84895556104
2023-12-10,8.221360206604004,8.728038787841797,8.179636001586914,8.467843055725098,93649898591
2023-12-11,8.493889808654785,8.56293773651123,8.105415344238281,8.221447944641113,57336638112
2023-12-12,7.866212844848633,8.83012580871582,7.654681205749512,8.49478530883789,164475197574
2023-12-13,7.825067043304443,8.12454605102539,7.634256839752197,7.866022109985352,79078828808
2023-12-14,8.030900955200195,8.100987434387207,7.555714130401611,7.8238067626953125,67693847310
2023-12-15,8.184569358825684,8.2181978225708,7.916295051574707,8.030789375305176,61829584514
2023-12-16,7.7232441902160645,8.214834213256836,7.720625877380371,8.185694694519043,50992375407
2023-12-17,8.059698104858398,8.061358451843262,7.663486003875732,7.723203182220459,41403443825
2023-12-18,7.730970859527588,8.103657722473145,7.704223155975342,8.060187339782715,40064713478
2023-12-19,7.6507768630981445,7.774309158325195,7.240621089935303,7.729884147644043,56965073398
2023-12-20,7.5026068687438965,7.761178016662598,7.444703102111816,7.650989055633545,40085964853
2023-12-21,7.61204719543457,7.755982875823975,7.461389064788818,7.5019989013671875,49641738182
2023-12-22,7.897877216339111,8.089431762695312,7.554201126098633,7.6126580238342285,67227524150
2023-12-23,7.9333882331848145,7.94575309753418,7.681540012359619,7.898098945617676,51863955355
2023-12-24,7.796954154968262,7.933545112609863,7.702402114868164,7.933545112609863,29770771277
2023-12-25,7.6431498527526855,7.900248050689697,7.603786945343018,7.798323154449463,47102533596
2023-12-26,7.855564117431641,7.9152398109436035,7.613637924194336,7.643788814544678,36255797977
2023-12-27,7.599308013916016,7.855373859405518,7.409915924072266,7.855373859405518,47218056836
2023-12-28,7.792139053344727,7.816321849822998,7.483398914337158,7.5991058349609375,35244129031
2023-12-29,7.616397857666016,7.902674198150635,7.600125789642334,7.7935051918029785,38508611237
2023-12-30,7.57607889175415,7.740756034851074,7.462014198303223,7.616267204284668,33899229151
2023-12-31,7.502040863037109,7.606285095214844,7.455870151519775,7.575506210327148,21004748047
2024-01-01,7.446855068206787,7.557614803314209,7.405152797698975,7.5018181800842285,21573300110
2024-01-02,7.656637191772461,7.660618782043457,7.3889360427856445,7.446994781494141,24851613697
2024-01-03,7.593402862548828,7.86048698425293,7.55928897857666,7.65771484375,41321426045
2024-01-04,6.8356218338012695,7.669915199279785,6.7495598793029785,7.593486785888672,85562920139
2024-01-05,7.0038299560546875,7.0480217933654785,6.7935638427734375,6.836144924163818,42809439584
2024-01-06,6.885900020599365,7.055415153503418,6.752571105957031,7.0030059814453125,45586599212
2024-01-07,6.710440158843994,6.885849952697754,6.559858798980713,6.885849952697754,34496971689
2024-01-08,6.506226062774658,6.777822971343994,6.457190036773682,6.710720062255859,33208447680
2024-01-09,6.757638931274414,6.787109851837158,6.230196952819824,6.506507873535156,50099065778
2024-01-10,6.589233875274658,6.829885959625244,6.418316841125488,6.758324146270752,79560637872
2024-01-11,6.885347843170166,7.009925842285156,6.367001056671143,6.589240074157715,58396391897
2024-01-12,7.030097961425781,7.278642177581787,6.834784030914307,6.887639045715332,64640595466
2024-01-13,6.634177207946777,7.070374011993408,6.48510217666626,7.029311180114746,50316793991
2024-01-14,6.7068328857421875,6.734768867492676,6.539720058441162,6.633364200592041,24676635285
2024-01-15,6.628158092498779,6.947309970855713,6.617642879486084,6.706700801849365,38234496572
2024-01-16,6.7219929695129395,6.761172771453857,6.6273579597473145,6.6273579597473145,22592343990
2024-01-17,6.7559919357299805,6.828207015991211,6.645512104034424,6.720448017120361,27270526349
2024-01-18,6.692729949951172,6.7738261222839355,6.616913795471191,6.7562031745910645,21710370934
2024-01-19,6.485756874084473,6.708826065063477,6.436397075653076,6.693051815032959,26186889584
2024-01-20,6.528112888336182,6.540431976318359,6.2452287673950195,6.48578405380249,29179124714
2024-01-21,7.305455207824707,7.480885028839111,6.503183841705322,6.527956008911133,56877896331
2024-01-22,7.088458061218262,7.480316162109375,7.052656173706055,7.303799152374268,78864513476
2024-01-23,6.6759538650512695,7.1003499031066895,6.6655449867248535,7.0900349617004395,55950673520
2024-01-24,6.504076957702637,6.788908004760742,6.325037956237793,6.67640495300293,46228142269
2024-01-25,6.566670894622803,6.69346284866333,6.465406894683838,6.504321098327637,30963980060
2024-01-26,6.480010032653809,6.577235221862793,6.416338920593262,6.5666937828063965,24353391892
2024-01-27,6.641201019287109,6.672195911407471,6.449317932128906,6.479705810546875,23596755990
2024-01-28,6.661236763000488,6.70579195022583,6.5722222328186035,6.639725208282471,17648187002
2024-01-29,6.55079984664917,6.763246059417725,6.507446765899658,6.6610918045043945,21377773895
2024-01-30,6.759471893310547,6.891272068023682,6.503483772277832,6.550782203674316,44950133584
2024-01-31,6.625878810882568,6.826165199279785,6.614923000335693,6.760366916656494,27713885055
2024-02-01,6.5416340827941895,6.667864799499512,6.498693943023682,6.626361846923828,25522579680
2024-02-02,6.579432964324951,6.616426944732666,6.453176021575928,6.541597843170166,21319380806
2024-02-03,6.5764079093933105,6.621852874755859,6.52522611618042,6.579432964324951,18273593379
2024-02-04,6.528120040893555,6.594818115234375,6.525173187255859,6.576515197753906,12691493389
2024-02-05,6.49363899230957,6.628241062164307,6.480836868286133,6.528714179992676,15248171125
2024-02-06,6.495780944824219,6.646218776702881,6.434216022491455,6.494441032409668,21387932624
2024-02-07,6.518222808837891,6.5774359703063965,6.458548069000244,6.496335029602051,15954690736
2024-02-08,6.647718906402588,6.659732818603516,6.490148067474365,6.518558979034424,17707594558
2024-02-09,6.627930164337158,6.7019429206848145,6.608010768890381,6.647488117218018,20648483116
2024-02-10,6.772271156311035,6.814700126647949,6.6278510093688965,6.6278510093688965,27696630856
2024-02-11,6.761401176452637,6.814070224761963,6.679506778717041,6.772491931915283,17677689271
2024-02-12,6.7400221824646,6.913389205932617,6.723522186279297,6.761325836181641,25260940684
2024-02-13,6.833855152130127,6.869593143463135,6.6040778160095215,6.740828990936279,29920157932
2024-02-14,6.735705852508545,6.886962890625,6.652215957641602,6.8328399658203125,34861062890
2024-02-15,7.101347923278809,7.2237958908081055,6.695345878601074,6.735429763793945,52051912644
2024-02-16,7.085371017456055,7.3115339279174805,6.988349914550781,7.1016387939453125,52872870734
2024-02-17,7.140324115753174,7.2946391105651855,7.00597620010376,7.085288047790527,36619374477
2024-02-18,6.939445972442627,7.14412784576416,6.824188232421875,7.140530109405518,28868942040
2024-02-19,7.0700178146362305,7.114278793334961,6.891615867614746,6.939356803894043,24925106068
2024-02-20,7.428414821624756,7.516704082489014,7.06519079208374,7.070262908935547,55080053662
2024-02-21,7.138394832611084,7.57330322265625,6.927637100219727,7.428174018859863,66414345455
2024-02-22,7.01779317855835,7.146350860595703,6.814626216888428,7.138796806335449,36110634902
2024-02-23,6.968675136566162,7.077185153961182,6.896664142608643,7.016972064971924,30074061796
2024-02-24,6.998083114624023,7.083815097808838,6.884420871734619,6.968175888061523,33168450379
2024-02-25,7.140798091888428,7.154401779174805,6.958383083343506,6.999244213104248,27026337829
2024-02-26,7.136177062988281,7.190792083740234,7.083159923553467,7.140880107879639,24106859146
2024-02-27,7.406052112579346,7.4606218338012695,6.985538959503174,7.1361188888549805,43392881421
2024-02-28,8.101293563842773,8.287141799926758,7.345177173614502,7.406035900115967,149857610022
2024-02-29,9.666054725646973,10.040657043457031,7.843561172485352,8.101409912109375,318710009490
2024-03-01,9.716283798217773,11.146388053894043,9.269941329956055,9.654847145080566,397985072817
2024-03-02,11.561800956726074,12.034370422363281,9.714797973632812,9.714797973632812,311373851805
2024-03-03,11.77424144744873,12.432282447814941,11.343902587890625,11.566546440124512,297335096168
2024-03-04,12.744752883911133,12.904093742370605,10.756731986999512,11.775007247924805,332447073818
2024-03-05,15.16539192199707,15.281131744384766,12.325861930847168,12.7534818649292,526343849800
2024-03-06,12.759100914001465,17.03443145751953,10.787592887878418,15.156584739685059,776489372655
2024-03-07,13.068183898925781,14.708609580993652,12.181045532226562,12.758115768432617,372513224238
2024-03-08,13.080289840698242,13.421451568603516,12.174894332885742,13.068183898925781,248668491011
2024-03-09,13.682828903198242,14.520362854003906,12.860565185546875,13.080188751220703,329075002844
2024-03-10,14.819541931152344,15.27137565612793,13.597757339477539,13.682854652404785,285596532026
2024-03-11,14.061887741088867,14.861318588256836,13.733443260192871,14.819541931152344,188227068781
2024-03-12,15.062782287597656,15.107810020446777,13.45444107055664,14.060773849487305,240529740811
2024-03-13,13.928295135498047,15.157437324523926,13.257383346557617,15.0634126663208,209154506643
2024-03-14,14.011894226074219,14.411927223205566,13.72889232635498,13.92894458770752,159902588189
2024-03-15,14.712328910827637,15.875762939453125,13.721288681030273,14.011893272399902,501753389131
2024-03-16,13.53026294708252,15.020279884338379,12.769722938537598,14.712228775024414,297103728497
2024-03-17,11.800912857055664,13.671533584594727,11.473550796508789,13.53026294708252,198968855055
2024-03-18,12.792336463928223,13.159704208374023,11.416647911071777,11.800596237182617,193074150431
2024-03-19,11.911323547363281,12.792521476745605,11.62740421295166,12.792156219482422,137430536150
2024-03-20,10.686800956726074,12.030299186706543,10.426201820373535,11.911323547363281,244615396323
2024-03-21,12.63980484008789,12.706981658935547,10.254265785217285,10.687394142150879,264998578907
2024-03-22,12.922647476196289,13.209836959838867,12.234665870666504,12.63980484008789,214802211511
2024-03-23,12.765016555786133,13.745148658752441,12.158902168273926,12.923340797424316,223400252825
2024-03-24,13.52283763885498,14.597049713134766,12.694135665893555,12.765016555786133,243476600432
2024-03-25,14.752056121826172,15.040246963500977,13.518484115600586,13.52283763885498,238130758059
2024-03-26,14.628704071044922,15.515554428100586,14.206194877624512,14.752056121826172,221423475367
2024-03-27,15.207388877868652,15.500598907470703,14.593753814697266,14.628704071044922,239770305829
2024-03-28,15.865983963012695,15.94750690460205,14.990096092224121,15.207388877868652,338101982300
2024-03-29,18.351442337036133,18.892528533935547,15.803600311279297,15.864931106567383,546494545391
2024-03-30,17.80157470703125,18.713735580444336,17.397911071777344,18.351442337036133,291295930757
2024-03-31,16.629505157470703,18.05381965637207,16.497140884399414,17.796022415161133,200436513348
2024-04-01,18.34819984436035,18.672277450561523,16.621122360229492,16.627714157104492,201343255429
2024-04-02,17.147235870361328,18.34848976135254,16.523544311523438,18.348297119140625,284288592169
2024-04-03,15.195077896118164,17.147747039794922,15.051624298095703,17.147655487060547,321378785813
2024-04-04,14.635964393615723,15.636627197265625,14.234360694885254,15.194944381713867,259508922469
2024-04-05,15.020501136779785,15.687017440795898,14.37464714050293,14.635964393615723,179787843226
2024-04-06,14.786687850952148,15.057001113891602,14.00139045715332,15.020501136779785,159508931073
2024-04-07,15.489169120788574,15.633673667907715,14.72611141204834,14.786967277526855,134955543036
2024-04-08,16.58513832092285,17.060115814208984,15.476821899414062,15.488972663879395,220189160873
2024-04-09,16.873899459838867,17.385597229003906,16.316621780395508,16.584957122802734,175396205992
2024-04-10,15.729497909545898,16.922880172729492,15.504881858825684,16.8739070892334,172981408480
2024-04-11,16.681297302246094,16.822315216064453,15.12360954284668,15.729497909545898,222074145059
2024-04-12,16.170743942260742,16.93585205078125,15.873540878295898,16.681297302246094,181691123940
2024-04-13,14.59831714630127,16.714885711669922,13.586414337158203,16.170743942260742,301963445422
2024-04-14,12.806623458862305,14.679776191711426,11.053019523620605,14.599573135375977,397230662525
2024-04-15,13.568862915039062,13.752816200256348,12.080378532409668,12.806623458862305,311307191779
2024-04-16,13.47530460357666,14.09304428100586,12.596006393432617,13.568862915039062,301016635585
2024-04-17,13.051285743713379,13.555983543395996,12.29443359375,13.475310325622559,206978161045
2024-04-18,12.339218139648438,13.252842903137207,12.117548942565918,13.051336288452148,164853743487
2024-04-19,12.736291885375977,12.841448783874512,11.80296802520752,12.339306831359863,162702856310
2024-04-20,13.028087615966797,13.081277847290039,11.68619155883789,12.736291885375977,182294998924
2024-04-21,13.574934959411621,13.74293327331543,12.584057807922363,13.028087615966797,137520294394
2024-04-22,13.196557998657227,13.795967102050781,12.972892761230469,13.574843406677246,107830805868
2024-04-23,13.441978454589844,13.619512557983398,13.08481502532959,13.196513175964355,104403522639
2024-04-24,13.32181453704834,13.566217422485352,13.094599723815918,13.441978454589844,87276860331
2024-04-25,12.613899230957031,13.671292304992676,12.461572647094727,13.32181453704834,127073122032
2024-04-26,12.608792304992676,12.839483261108398,12.314485549926758,12.614023208618164,89817865053
2024-04-27,12.329987525939941,12.643437385559082,12.265271186828613,12.608792304992676,73211800594
2024-04-28,12.319851875305176,12.457316398620605,11.951465606689453,12.32996654510498,70695818429
2024-04-29,12.235068321228027,12.590472221374512,12.201860427856445,12.319851875305176,53216099348
2024-04-30,11.97362995147705,12.337919235229492,11.67271614074707,12.235088348388672,85996122075
2024-05-01,11.132601737976074,12.172515869140625,10.831805229187012,11.973602294921875,112085206833
2024-05-02,10.854031562805176,11.165803909301758,10.045950889587402,11.132590293884277,178147156635
2024-05-03,11.018239974975586,11.191803932189941,10.366217613220215,10.854022979736328,109166844399
2024-05-04,12.18564224243164,12.320416450500488,10.964912414550781,11.018444061279297,105582405635
2024-05-05,13.353913307189941,14.098938941955566,12.182347297668457,12.185380935668945,232743040792
2024-05-06,13.429856300354004,13.601792335510254,12.922062873840332,13.353913307189941,125649905672
2024-05-07,13.079663276672363,14.103240013122559,12.89271068572998,13.429713249206543,145963473653
2024-05-08,12.535468101501465,13.344040870666504,12.498287200927734,13.079663276672363,95146478192
2024-05-09,11.960001945495605,12.685007095336914,11.868459701538086,12.535484313964844,96800269316
2024-05-10,12.695980072021484,12.850566864013672,11.94868278503418,11.959999084472656,91263049688
2024-05-11,12.03328800201416,12.77910327911377,11.907883644104004,12.69603443145752,88302833896
2024-05-12,11.940834999084473,12.200861930847168,11.922700881958008,12.033292770385742,44573540390
2024-05-13,11.796316146850586,12.063252449035645,11.697839736938477,11.940864562988281,50207575180
2024-05-14,12.395042419433594,13.095756530761719,11.362336158752441,11.796316146850586,160233647344
2024-05-15,12.145917892456055,12.926409721374512,12.05778694152832,12.394993782043457,158635780576
2024-05-16,12.971538543701172,13.09476089477539,12.13851547241211,12.145920753479004,147428460999
2024-05-17,12.490954399108887,13.270539283752441,12.444047927856445,12.97176456451416,114700340182
2024-05-18,12.958465576171875,13.025424003601074,12.482644081115723,12.490962028503418,92695425175
2024-05-19,12.751408576965332,13.067526817321777,12.633079528808594,12.958465576171875,64246516692
2024-05-20,12.420740127563477,12.991894721984863,12.324637413024902,12.751432418823242,65512412596
2024-05-21,13.803579330444336,13.824633598327637,12.334317207336426,12.420740127563477,125985816259
2024-05-22,14.203502655029297,14.36966609954834,13.404635429382324,13.803579330444336,232652974155
2024-05-23,13.837210655212402,14.49960708618164,13.512361526489258,14.203503608703613,164758558919
2024-05-24,13.293627738952637,14.079254150390625,12.777091026306152,13.83725357055664,186895438975
2024-05-25,13.60531234741211,14.344286918640137,12.98293685913086,13.293627738952637,250236365160
2024-05-26,14.448938369750977,14.459392547607422,13.53514289855957,13.605327606201172,123722862598
2024-05-27,13.804969787597656,14.497899055480957,13.763101577758789,14.448944091796875,112902357054
2024-05-28,14.059247016906738,14.383103370666504,13.653651237487793,13.804969787597656,116810781863
2024-05-29,13.726000785827637,14.075749397277832,13.463791847229004,14.059247016906738,117340202867
2024-05-30,13.646573066711426,14.177051544189453,13.5238676071167,13.726101875305176,127188811770
2024-05-31,13.293364524841309,13.793634414672852,13.05042839050293,13.64663314819336,121000487090
2024-06-01,13.281608581542969,13.526233673095703,12.928160667419434,13.292933464050293,78951421946
2024-06-02,13.370436668395996,13.464123725891113,13.219459533691406,13.281608581542969,41399554072
2024-06-03,13.118549346923828,13.453377723693848,12.933088302612305,13.370441436767578,48881973516
2024-06-04,13.15300464630127,13.570509910583496,13.020671844482422,13.118571281433105,77280404744
2024-06-05,13.509552955627441,13.527592658996582,13.130017280578613,13.15300464630127,63655090390
2024-06-06,13.610184669494629,13.739384651184082,13.475232124328613,13.509552955627441,68374148428
2024-06-07,13.368453979492188,13.791145324707031,13.241801261901855,13.610184669494629,74552790659
2024-06-08,12.387330055236816,13.522526741027832,11.953998565673828,13.368352890014648,132120267389
2024-06-09,12.199833869934082,12.410663604736328,12.028716087341309,12.386688232421875,72908773265
2024-06-10,12.259721755981445,12.452922821044922,12.12811279296875,12.198710441589355,54821009414
2024-06-11,12.090324401855469,12.347664833068848,11.979900360107422,12.259127616882324,62862862284
2024-06-12,11.545098304748535,12.11355209350586,11.212864875793457,12.09052562713623,106333368263
2024-06-13,12.200684547424316,12.546334266662598,11.28752613067627,11.544537544250488,106391753811
2024-06-14,11.782341957092285,12.220195770263672,11.727517127990723,12.200810432434082,65986913318
2024-06-15,11.276918411254883,11.966233253479004,11.040751457214355,11.781220436096191,71820986262
2024-06-16,11.410261154174805,11.469724655151367,11.225813865661621,11.277360916137695,39781928186
2024-06-17,11.441333770751953,11.475650787353516,11.264350891113281,11.411177635192871,32201554931
2024-06-18,10.7622652053833,11.532154083251953,10.56666374206543,11.441600799560547,80214416924
2024-06-19,10.196990013122559,10.780191421508789,9.639101028442383,10.76040267944336,117895319604
2024-06-20,10.205642700195312,10.544392585754395,10.136171340942383,10.195541381835938,53596176020
2024-06-21,10.40165901184082,10.726022720336914,10.160272598266602,10.205642700195312,61397190814
2024-06-22,10.364546775817871,10.491955757141113,10.164030075073242,10.402560234069824,50004952945
2024-06-23,10.344461441040039,10.476170539855957,10.27509880065918,10.365325927734375,27463109408
2024-06-24,10.216095924377441,10.53890609741211,10.180197715759277,10.343972206115723,35864182658
2024-06-25,9.933716773986816,10.334112167358398,9.574560165405273,10.2154541015625,79366060212
2024-06-26,10.523159980773926,10.697550773620605,9.922500610351562,9.932900428771973,65335071690
2024-06-27,10.253693580627441,10.723658561706543,10.188097953796387,10.522953987121582,43986925780
2024-06-28,10.59090805053711,10.692082405090332,10.071529388427734,10.253064155578613,51483753193
2024-06-29,10.236661911010742,10.682652473449707,10.200990676879883,10.59074592590332,52918706131
2024-06-30,10.145719528198242,10.347662925720215,10.119878768920898,10.237151145935059,23792391870
2024-07-01,10.363022804260254,10.448321342468262,10.041834831237793,10.14572811126709,30776609768
2024-07-02,10.30016803741455,10.609034538269043,10.283608436584473,10.362911224365234,37763458063
2024-07-03,10.436540603637695,10.44221019744873,10.223559379577637,10.29996395111084,34065710528
2024-07-04,9.891317367553711,10.46183967590332,9.775988578796387,10.436767578125,54910816077
2024-07-05,8.7572660446167,9.930479049682617,8.719399452209473,9.889431953430176,103457561725
2024-07-06,8.814180374145508,8.882987976074219,7.830068111419678,8.754413604736328,142711727771
2024-07-07,9.483675956726074,9.522472381591797,8.759201049804688,8.813406944274902,70343744017
2024-07-08,8.700448989868164,9.4805269241333,8.658796310424805,9.4805269241333,53508371954
2024-07-09,8.978487968444824,9.267419815063477,8.27961254119873,8.700745582580566,85387318872
2024-07-10,8.976419448852539,9.118524551391602,8.86085319519043,8.977556228637695,47818191200
2024-07-11,9.019289016723633,9.220109939575195,8.841843605041504,8.976856231689453,46096574164
2024-07-12,8.909356117248535,9.368993759155273,8.877788543701172,9.019436836242676,45613325438
2024-07-13,8.993619918823242,9.042325973510742,8.77255916595459,8.909106254577637,39128550251
2024-07-14,9.38374137878418,9.428250312805176,8.97381591796875,8.993633270263672,41546018141
2024-07-15,9.6423921585083,9.729720115661621,9.299795150756836,9.38330364227295,46083982395
2024-07-16,10.467629432678223,10.477863311767578,9.587231636047363,9.644229888916016,72331992864
2024-07-17,10.435445785522461,10.635049819946289,9.97751522064209,10.462260246276855,85486278064
2024-07-18,10.186119079589844,10.652375221252441,10.085521697998047,10.435606956481934,61093343477
2024-07-19,10.000540733337402,10.352489471435547,9.834861755371094,10.185686111450195,59426146643
2024-07-20,10.506538391113281,10.554242134094238,9.865690231323242,10.000980377197266,60650138172
2024-07-21,11.255924224853516,11.357728958129883,10.423164367675781,10.506104469299316,92900632047
2024-07-22,11.736427307128906,11.980710983276367,10.583915710449219,11.255931854248047,102960552095
2024-07-23,11.536694526672363,11.917926788330078,11.396478652954102,11.736285209655762,122862178454
2024-07-24,10.914656639099121,11.645434379577637,10.754197120666504,11.536703109741211,80640384368
2024-07-25,10.726487159729004,11.267284393310547,10.655853271484375,10.914192199707031,61541065053
2024-07-26,10.486587524414062,10.773022651672363,10.079076766967773,10.726551055908203,81267640302
2024-07-27,11.247723579406738,11.29464340209961,10.484803199768066,10.486644744873047,63022651494
2024-07-28,11.017208099365234,11.609554290771484,10.99620246887207,11.247687339782715,99887039484
2024-07-29,10.890914916992188,11.03466796875,10.743640899658203,11.017610549926758,63239286138
2024-07-30,10.776500701904297,11.299399375915527,10.7160005569458,10.891027450561523,67782316037
2024-07-31,10.521563529968262,10.912163734436035,10.355401039123535,10.775566101074219,53457979043
2024-08-01,10.214750289916992,10.646172523498535,10.174229621887207,10.521369934082031,51051449124
2024-08-02,9.985284805297852,10.288814544677734,9.45108699798584,10.215370178222656,72110354183
2024-08-03,9.340744018554688,10.0059814453125,9.261923789978027,9.98525619506836,69252147702
2024-08-04,9.061049461364746,9.591132164001465,8.830580711364746,9.340622901916504,67704079438
2024-08-05,8.686166763305664,9.148600578308105,8.343706130981445,9.061056137084961,69276360833
2024-08-06,7.938480854034424,8.722407341003418,6.800705909729004,8.68609619140625,268307595132
2024-08-07,8.088885307312012,8.514772415161133,7.927125930786133,7.938446044921875,94357325204
2024-08-08,8.017745971679688,8.552245140075684,7.940729141235352,8.088894844055176,83953866708
2024-08-09,9.020811080932617,9.052654266357422,7.888110160827637,8.017769813537598,72063980665
2024-08-10,8.728992462158203,9.034682273864746,8.544081687927246,9.021180152893066,50578022501
2024-08-11,8.832107543945312,8.887247085571289,8.656956672668457,8.728992462158203,31169359008
2024-08-12,8.442559242248535,9.30157470703125,8.420353889465332,8.832176208496094,56829504785
2024-08-13,9.041343688964844,9.104852676391602,8.434538841247559,8.442545890808105,65338238769
2024-08-14,8.926389694213867,9.137494087219238,8.696523666381836,9.041404724121094,48274609741
2024-08-15,8.611740112304688,8.958378791809082,8.545225143432617,8.926410675048828,47439298704
2024-08-16,8.417255401611328,8.798004150390625,8.244233131408691,8.611720085144043,51799237123
2024-08-17,8.423297882080078,8.566838264465332,8.200773239135742,8.41729736328125,45254147959
2024-08-18,8.617513656616211,8.691007614135742,8.39958667755127,8.423297882080078,25624452415
2024-08-19,8.40206241607666,8.747563362121582,8.40183162689209,8.617532730102539,31674268642
2024-08-20,8.513875007629395,8.535845756530762,8.279287338256836,8.40206241607666,38855885828
2024-08-21,8.630553245544434,8.848079681396484,8.485705375671387,8.513961791992188,58242467087
2024-08-22,8.905657768249512,9.04549789428711,8.597915649414062,8.630542755126953,42779209066
2024-08-23,8.839776039123535,8.965678215026855,8.750534057617188,8.905668258666992,32879358343
2024-08-24,9.46485710144043,9.658658027648926,8.83956527709961,8.839776039123535,72134368647
2024-08-25,9.44001293182373,9.634121894836426,9.324023246765137,9.464812278747559,56423398112
2024-08-26,9.194245338439941,9.45067024230957,9.061734199523926,9.44002628326416,49020849860
2024-08-27,8.83243465423584,9.244078636169434,8.775634765625,9.194276809692383,47039580089
2024-08-28,8.312967300415039,8.938119888305664,8.173409461975098,8.83243465423584,51625285053
2024-08-29,8.362923622131348,8.543585777282715,8.165144920349121,8.312967300415039,55156288252
2024-08-30,8.42516040802002,8.596173286437988,8.266155242919922,8.362923622131348,38750045935
2024-08-31,8.55994987487793,8.585073471069336,8.159140586853027,8.42516040802002,48025728781
2024-09-01,8.50029468536377,8.576528549194336,8.428365707397461,8.55994987487793,25478963337
2024-09-02,7.996496200561523,8.511123657226562,7.914118766784668,8.50029468536377,35600293160
2024-09-03,8.318497657775879,8.367843627929688,7.8992438316345215,7.996496200561523,38938099453
2024-09-04,8.119651794433594,8.453697204589844,8.118157386779785,8.318497657775879,33216093216
2024-09-05,8.232380867004395,8.353363037109375,7.805957794189453,8.119340896606445,48675144992
2024-09-06,8.25628662109375,8.323104858398438,8.080371856689453,8.23238468170166,38038348362
2024-09-07,7.7673659324646,8.34652042388916,7.505839824676514,8.256346702575684,67433945719
2024-09-08,8.000570297241211,8.03051471710205,7.71088981628418,7.7673540115356445,34605784537
2024-09-09,8.06910514831543,8.138423919677734,7.898559093475342,8.000579833984375,32059589537
2024-09-10,8.719660758972168,8.783465385437012,8.046414375305176,8.069100379943848,58626693648
2024-09-11,8.625951766967773,8.777392387390137,8.537195205688477,8.719660758972168,39065722669
2024-09-12,8.515032768249512,8.647893905639648,8.238911628723145,8.625964164733887,44701011612
2024-09-13,8.627202987670898,8.66236686706543,8.4475679397583,8.515032768249512,36903615759
2024-09-14,8.984864234924316,9.082794189453125,8.550747871398926,8.627202987670898,56672829166
2024-09-15,8.846733093261719,9.022114753723145,8.777603149414062,8.984825134277344,35746725955
2024-09-16,8.634526252746582,8.9215669631958,8.604565620422363,8.846733093261719,35977469221
2024-09-17,8.362651824951172,8.651206016540527,8.260907173156738,8.634931564331055,44354263339
2024-09-18,8.47230052947998,8.584678649902344,8.29160213470459,8.36290454864502,40234324664
2024-09-19,8.66949462890625,8.669962882995605,8.334196090698242,8.47230052947998,45991340408
2024-09-20,8.782121658325195,8.953744888305664,8.669523239135742,8.669523239135742,54895763334
2024-09-21,8.805499076843262,8.96642780303955,8.675771713256836,8.782121658325195,49687480516
2024-09-22,9.187650680541992,9.214775085449219,8.695329666137695,8.805499076843262,41936150987
2024-09-23,8.877348899841309,9.187760353088379,8.683710098266602,9.187650680541992,40150376869
2024-09-24,9.036334037780762,9.11036491394043,8.742804527282715,8.877348899841309,53840523631
2024-09-25,9.176224708557129,9.235342025756836,8.937528610229492,9.036334037780762,59223856121
2024-09-26,9.080754280090332,9.268580436706543,9.0454683303833,9.176213264465332,58300436489
2024-09-27,9.880938529968262,10.04937744140625,8.95913314819336,9.080698013305664,112682510261
2024-09-28,10.35689926147461,10.718667984008789,9.79776382446289,9.880937576293945,114513135729
2024-09-29,10.76904010772705,11.04642105102539,10.097545623779297,10.35689926147461,121337013667
2024-09-30,10.437271118164062,10.90842342376709,10.434595108032227,10.768941879272461,71740629764
2024-10-01,9.592469215393066,10.436864852905273,9.534505844116211,10.436857223510742,81880567478
2024-10-02,8.978517532348633,9.998604774475098,8.727742195129395,9.592412948608398,111745063747
2024-10-03,8.791037559509277,9.187122344970703,8.605050086975098,8.978517532348633,76377218164
2024-10-04,8.82935905456543,8.947815895080566,8.524412155151367,8.790992736816406,69378700099
2024-10-05,9.181121826171875,9.280529975891113,8.813384056091309,8.82935905456543,56304531876
2024-10-06,9.199892044067383,9.2482328414917,9.05194091796875,9.181121826171875,32928547256
2024-10-07,9.367454528808594,9.466137886047363,9.117899894714355,9.199860572814941,36577865418
2024-10-08,9.12310791015625,9.673734664916992,9.12310791015625,9.367454528808594,71294827215
2024-10-09,8.983776092529297,9.212972640991211,8.846863746643066,9.122868537902832,51620447185
2024-10-10,9.060626983642578,9.331363677978516,8.930705070495605,8.983776092529297,56055515930
2024-10-11,8.896679878234863,9.105770111083984,8.673657417297363,9.06053638458252,62891876563
2024-10-12,9.31368637084961,9.365032196044922,8.87515926361084,8.896679878234863,54712361701
2024-10-13,9.371139526367188,9.425128936767578,9.20633602142334,9.31368637084961,43654799183
2024-10-14,9.36552619934082,9.420637130737305,9.151232719421387,9.371109008789062,48255199121
2024-10-15,9.804808616638184,9.874197959899902,9.20058536529541,9.365535736083984,87247603432
2024-10-16,9.879719734191895,9.985573768615723,9.289924621582031,9.804808616638184,114935654263
2024-10-17,10.569884300231934,10.879279136657715,9.747234344482422,9.879548072814941,190793056735
2024-10-18,10.89765739440918,10.982807159423828,10.151894569396973,10.56989860534668,130873370784
2024-10-19,11.533684730529785,11.814070701599121,10.897444725036621,10.897781372070312,186354353319
2024-10-20,12.150299072265625,12.3198881149292,11.531789779663086,11.533684730529785,159612531064
2024-10-21,11.944802284240723,12.210997581481934,11.566033363342285,12.150233268737793,122481965013
2024-10-22,12.080670356750488,12.57194995880127,11.639376640319824,11.944914817810059,174470974298
2024-10-23,11.7311429977417,12.433444023132324,11.506917953491211,12.080670356750488,138520837993
2024-10-24,11.643199920654297,11.821390151977539,11.206366539001465,11.73137378692627,120280020328
2024-10-25,11.938526153564453,12.068772315979004,11.471750259399414,11.761161804199219,113491672109
2024-10-26,11.018491744995117,11.972517013549805,10.811156272888184,11.938648223876953,122694919232
2024-10-27,11.552041053771973,11.591917991638184,11.003881454467773,11.018491744995117,79722345182
2024-10-28,12.136876106262207,12.266801834106445,11.442728042602539,11.552041053771973,94975727752
2024-10-29,13.553223609924316,13.625609397888184,11.870827674865723,12.136809349060059,258880982105
2024-10-30,14.785762786865234,15.068757057189941,13.520849227905273,13.553357124328613,318301330942
2024-10-31,14.139383316040039,14.927499771118164,13.896928787231445,14.7858247756958,195021609130
2024-11-01,13.570038795471191,14.545838356018066,13.161993980407715,14.139383316040039,186148088701
2024-11-02,13.385228157043457,14.14268684387207,12.984691619873047,13.570053100585938,202328150908
2024-11-03,13.396223068237305,13.731090545654297,13.120351791381836,13.385610580444336,112861715063
2024-11-04,12.738615036010742,13.422390937805176,12.016207695007324,13.396223068237305,186290012288
2024-11-05,13.324716567993164,13.452995300292969,12.489448547363281,12.73862361907959,213887641929
2024-11-06,14.314935684204102,15.042967796325684,13.310694694519043,13.32468032836914,344513759442
2024-11-07,16.568710327148438,17.955730438232422,14.273816108703613,14.315652847290039,1027373617680
2024-11-08,16.284574508666992,17.1541690826416,15.703028678894043,16.568710327148438,365751088328
2024-11-09,17.059040069580078,17.433975219726562,16.14348030090332,16.284574508666992,345135560056
2024-11-10,18.462392807006836,18.544763565063477,16.695554733276367,17.058931350708008,362089513450
2024-11-11,23.551467895507812,25.032907485961914,18.339326858520508,18.465206146240234,1257481779432
2024-11-12,29.50398063659668,29.510772705078125,23.300804138183594,23.551467895507812,1653702573184
2024-11-13,32.257789611816406,36.78679656982422,28.142290115356445,29.50398063659668,3370460298107
2024-11-14,33.729122161865234,36.42813491821289,30.099275588989258,32.25748825073242,2388031111526
2024-11-15,30.550207138061523,35.016029357910156,30.058860778808594,33.729122161865234,1314821105103
2024-11-16,32.015098571777344,32.4420166015625,29.933828353881836,30.555931091308594,981350236644
2024-11-17,30.711328506469727,32.91757583618164,30.504932403564453,32.015106201171875,635273292941
2024-11-18,30.959203720092773,31.557363510131836,28.84977149963379,30.711545944213867,661503515399
2024-11-19,31.37450408935547,32.06509780883789,30.327444076538086,30.95998764038086,708639819018
2024-11-20,33.02961349487305,35.304237365722656,31.06178855895996,31.374372482299805,1087856001600
2024-11-21,31.854949951171875,33.36824035644531,30.91975212097168,33.02827835083008,677569791315
2024-11-22,32.74920654296875,33.36166000366211,31.23093032836914,31.85497283935547,680344893289
2024-11-23,34.86662673950195,35.39585876464844,32.24557113647461,32.74992370605469,1147681619745
2024-11-24,36.309486389160156,40.315956115722656,34.245330810546875,34.86659240722656,1762534476728
2024-11-25,36.297264099121094,38.202266693115234,33.85697555541992,36.30952453613281,1031225313142
2024-11-26,33.139122009277344,36.82258987426758,32.1428337097168,36.29835510253906,823404627261
2024-11-27,32.691558837890625,34.42298126220703,30.96751594543457,33.136634826660156,746173960528
2024-11-28,33.89699172973633,34.445709228515625,32.19269943237305,32.69123458862305,539312368703
2024-11-29,33.95919418334961,36.07991409301758,33.133968353271484,33.896156311035156,503039403800
2024-11-30,36.00910568237305,36.961692810058594,33.792938232421875,33.95927047729492,572367016845
2024-12-01,35.68244171142578,36.76029586791992,35.123104095458984,36.00905990600586,473665945138
2024-12-02,37.211585998535156,37.99447250366211,35.320735931396484,35.682220458984375,704733487531
2024-12-03,35.98235321044922,38.94024658203125,34.31629180908203,37.21382141113281,1107629243677
2024-12-04,34.53983688354492,36.269779205322266,33.155029296875,35.98256301879883,792835513885
2024-12-05,36.5899658203125,36.90180587768555,34.058712005615234,34.5372314453125,683171444968
2024-12-06,36.46373748779297,39.26521301269531,34.65696334838867,36.585330963134766,1294315950410
2024-12-07,36.89229965209961,37.406192779541016,35.67197799682617,36.23578643798828,564630827298
2024-12-08,38.4312858581543,39.460182189941406,36.589115142822266,36.89256286621094,688201905904
2024-12-09,39.56747055053711,40.93949890136719,37.9531364440918,38.43159103393555,691882523221
2024-12-10,35.18802261352539,39.567649841308594,32.63727951049805,39.567649841308594,1003795677588
2024-12-11,33.48776626586914,35.83595275878906,31.132524490356445,35.18828582763672,955549818278
2024-12-12,35.1705322265625,35.55411148071289,31.970197677612305,33.487125396728516,566035425990
2024-12-13,34.491329193115234,35.926849365234375,34.09672164916992,35.170753479003906,475186266867
2024-12-14,34.69803237915039,34.92100524902344,33.942195892333984,34.4913330078125,323638027318
2024-12-15,33.7550163269043,35.00957107543945,32.92074966430664,34.69803237915039,268509559592
2024-12-16,34.45643615722656,34.758567810058594,33.32524490356445,33.75471496582031,225119926810
2024-12-17,34.131263732910156,35.07977294921875,33.34696960449219,34.45834732055664,330428182695
2024-12-18,33.48876953125,34.80556106567383,33.26597595214844,34.13130569458008,307277314416
2024-12-19,30.49263572692871,33.64387893676758,30.322988510131836,33.489078521728516,489673860314
2024-12-20,26.8170108795166,31.243026733398438,25.770160675048828,30.493305206298828,814201421948
2024-12-21,26.988527297973633,27.90890121459961,22.480243682861328,26.815954208374023,969652891299
2024-12-22,27.26441192626953,29.68069839477539,26.779203414916992,26.989002227783203,584047374736
2024-12-23,26.520708084106445,27.526123046875,25.970361709594727,27.260433197021484,349613499054
2024-12-24,27.590749740600586,27.90656089782715,25.767873764038086,26.52125358581543,373622087821
2024-12-25,28.70573616027832,28.905851364135742,26.93152618408203,27.5906982421875,267392146234
2024-12-26,28.559040069580078,29.15191650390625,27.90777587890625,28.70589828491211,216875944640
2024-12-27,26.764537811279297,28.8205623626709,26.349851608276367,28.557727813720703,215548356833
2024-12-28,26.557819366455078,27.711444854736328,26.44919776916504,26.76447868347168,184189212750
2024-12-29,27.661304473876953,27.826862335205078,26.559541702270508,26.559541702270508,120419284379
2024-12-30,26.83866310119629,28.089502334594727,26.61215591430664,27.66115379333496,141295919304
2024-12-31,26.895301818847656,27.571781158447266,26.206693649291992,26.838655471801758,216781190572
2025-01-01,27.015291213989258,28.05535125732422,26.483400344848633,26.895666122436523,188663306270
2025-01-02,27.753402709960938,27.9393367767334,26.676633834838867,27.015411376953125,131128554284
2025-01-03,29.05422019958496,29.505149841308594,27.752199172973633,27.753385543823242,275016977302
2025-01-04,32.53671646118164,33.26457214355469,28.823734283447266,29.05422019958496,413785240529
2025-01-05,33.858978271484375,34.137840270996094,32.4306526184082,32.537010192871094,380126331571
2025-01-06,32.811134338378906,34.078487396240234,32.27811050415039,33.85900115966797,222501323525
2025-01-07,33.24051284790039,33.74320983886719,32.29548645019531,32.805145263671875,251657689280
2025-01-08,29.897809982299805,34.11115264892578,29.896472930908203,33.240074157714844,453097057045
2025-01-09,29.401683807373047,30.478588104248047,28.07523536682129,29.897722244262695,379430059660
2025-01-10,27.57280921936035,29.752593994140625,27.06893539428711,29.401548385620117,310563915147
2025-01-11,28.787601470947266,29.079042434692383,27.570999145507812,27.57254409790039,277790241949
2025-01-12,29.381698608398438,29.972511291503906,28.45095443725586,28.78749656677246,125901672641
2025-01-13,28.95716667175293,29.55693817138672,28.639917373657227,29.381214141845703,123834937908
2025-01-14,29.313928604125977,29.74915885925293,26.990352630615234,28.95689582824707,321799706525
2025-01-15,30.81829261779785,31.241220474243164,29.1197566986084,29.31373405456543,272045549872
2025-01-16,33.342342376708984,33.48440933227539,30.12786102294922,30.818294525146484,352621277225
2025-01-17,32.628841400146484,33.71816635131836,31.876096725463867,33.34257125854492,354899920240
2025-01-18,36.01289367675781,36.409454345703125,32.5574951171875,32.62523651123047,543435890757
2025-01-19,34.29460144042969,37.53438186645508,33.52896499633789,36.01061248779297,634806347832
2025-01-20,30.9732666015625,35.405948638916016,30.485286712646484,34.294898986816406,825212825485
2025-01-21,30.583545684814453,33.313682556152344,30.06345558166504,30.971689224243164,763347885336
2025-01-22,32.123619079589844,34.659584045410156,29.02042007446289,30.58050537109375,821984318441
2025-01-23,31.394445419311523,32.32972717285156,30.775062561035156,32.124595642089844,254238605461
2025-01-24,30.46722412109375,31.483707427978516,29.65263557434082,31.387920379638672,267445499565
2025-01-25,30.22843360900879,31.38237953186035,29.620033264160156,30.46278953552246,182951817091
2025-01-26,30.48648452758789,30.99102020263672,29.81645393371582,30.22890281677246,129334456571
2025-01-27,28.993715286254883,30.76990509033203,28.99151039123535,30.487279891967773,108905394716
2025-01-28,28.854598999023438,29.02947425842285,26.60399055480957,28.99338150024414,384932003033
2025-01-29,27.626943588256836,29.303544998168945,27.37290382385254,28.854297637939453,174840101286
2025-01-30,28.059839248657227,28.888364791870117,27.54855728149414,27.626943588256836,171661597211
2025-01-31,28.72430992126465,29.268159866333008,27.973926544189453,28.060428619384766,118318991661
2025-02-01,28.499849319458008,29.499256134033203,28.09807777404785,28.72418975830078,155712092439
2025-02-02,26.69186019897461,28.774303436279297,26.337589263916016,28.499771118164062,136554968173
2025-02-03,23.164186477661133,27.27216148376465,22.042438507080078,26.693565368652344,485540231655
2025-02-04,24.779260635375977,25.420806884765625,18.401548385620117,23.1643009185791,957021233986
2025-02-05,23.008270263671875,25.096290588378906,22.325021743774414,24.780345916748047,375159291602
2025-02-06,22.378034591674805,23.51898765563965,22.214021682739258,23.00693702697754,158785866885
2025-02-07,21.7298641204834,23.257688522338867,21.36445426940918,22.377981185913086,165773659723
2025-02-08,21.649934768676758,22.864704132080078,21.012699127197266,21.72941780090332,179285414145
2025-02-09,22.234041213989258,22.294092178344727,21.507686614990234,21.649978637695312,86839624116
2025-02-10,21.864919662475586,22.81078338623047,21.07697105407715,22.23394775390625,108941097024
2025-02-11,22.333009719848633,22.38410186767578,21.290050506591797,21.864864349365234,117464969220
2025-02-12,21.973928451538086,23.390037536621094,21.619495391845703,22.33342170715332,149423775520
2025-02-13,22.973772048950195,23.226743698120117,21.6415958404541,21.974014282226562,169549057426
2025-02-14,22.769987106323242,23.20458984375,22.096399307250977,22.97446632385254,129450393863
2025-02-15,23.567625045776367,24.721277236938477,22.689176559448242,22.769834518432617,201112830082
2025-02-16,23.53962516784668,24.49936294555664,23.298490524291992,23.567861557006836,140736631078
2025-02-17,23.026168823242188,23.720815658569336,22.901063919067383,23.53976821899414,84004163072
2025-02-18,22.421445846557617,23.323591232299805,22.100521087646484,23.02773666381836,118933976309
2025-02-19,21.800113677978516,22.547391891479492,21.08042335510254,22.421419143676758,139143696572
2025-02-20,22.135013580322266,22.172054290771484,21.665189743041992,21.80034065246582,87536437122
2025-02-21,22.037612915039062,22.284767150878906,21.692033767700195,22.134933471679688,96793416804
2025-02-22,20.738801956176758,22.601085662841797,20.353235244750977,22.037385940551758,175460484059
2025-02-23,21.366132736206055,21.4476375579834,20.6519718170166,20.739334106445312,80717469070
2025-02-24,21.045787811279297,21.427785873413086,20.85260009765625,21.366138458251953,61276411600
2025-02-25,18.23560905456543,21.11552619934082,18.05946159362793,21.04566764831543,194125367822
2025-02-26,18.495830535888672,18.626934051513672,17.163394927978516,18.236818313598633,298941541646
2025-02-27,17.9188175201416,18.600778579711914,17.120981216430664,18.39824104309082,176136158183
2025-02-28,18.061368942260742,18.418184280395508,17.531564712524414,17.684429168701172,119633664018
2025-03-01,17.665964126586914,18.064464569091797,15.879302024841309,18.061328887939453,229255294394
2025-03-02,18.066120147705078,18.25506591796875,17.447364807128906,17.665969848632812,104786385418
2025-03-03,20.927196502685547,21.13734245300293,17.66092300415039,18.066120147705078,290369921331
2025-03-04,17.384836196899414,20.9609432220459,16.96666717529297,20.92650032043457,246642224994
2025-03-05,17.368938446044922,17.583271026611328,16.038118362426758,17.385356903076172,206411779969
2025-03-06,17.781007766723633,17.927555084228516,17.133602142333984,17.36867332458496,124520464073
2025-03-07,17.576337814331055,19.078704833984375,17.373157501220703,17.780885696411133,156752154121
2025-03-08,17.25322914123535,18.143117904663086,16.689443588256836,17.576318740844727,159411569495
2025-03-09,16.74016571044922,17.480398178100586,16.68960952758789,17.25324058532715,82750305779
2025-03-10,14.620205879211426,16.906734466552734,14.491761207580566,16.74012565612793,156636227068
2025-03-11,13.45777416229248,15.738112449645996,13.218573570251465,14.620205879211426,192381745899
2025-03-12,14.315308570861816,14.668560981750488,12.697698593139648,13.457663536071777,206921662873
2025-03-13,15.024846076965332,15.039565086364746,13.931123733520508,14.314409255981445,141066299081
2025-03-14,14.347822189331055,15.053572654724121,14.09113883972168,15.024846076965332,124988400632
2025-03-15,14.937627792358398,15.277788162231445,14.335441589355469,14.347832679748535,90604617462
2025-03-16,15.308511734008789,15.441967010498047,14.916990280151367,14.934730529785156,63584809885
2025-03-17,14.627433776855469,15.363323211669922,14.452157974243164,15.30843734741211,81337747437
2025-03-18,15.077178001403809,15.24303913116455,14.623842239379883,14.627303123474121,87126477840
2025-03-19,14.547262191772461,15.077780723571777,14.134502410888672,15.077780723571777,90617436491
2025-03-20,15.373620986938477,15.412711143493652,14.467558860778809,14.547262191772461,106965014567
2025-03-21,14.620986938476562,15.454012870788574,14.422789573669434,15.374053955078125,82841633418
2025-03-22,14.36567497253418,14.790973663330078,14.199094772338867,14.620951652526855,63962595089
2025-03-23,14.390536308288574,14.579980850219727,14.344222068786621,14.366209030151367,37688234595
2025-03-24,14.813400268554688,14.813400268554688,14.376534461975098,14.390472412109375,48580082469
2025-03-25,15.642915725708008,16.166685104370117,14.700660705566406,14.812897682189941,125955132392
2025-03-26,16.340593338012695,16.552059173583984,15.54054069519043,15.642991065979004,132651797804
2025-03-27,16.684968948364258,17.596254348754883,16.250072479248047,16.340429306030273,177181077930
2025-03-28,16.324848175048828,17.203405380249023,16.138412475585938,16.6849365234375,109892246665
2025-03-29,15.41380500793457,16.498987197875977,15.182387351989746,16.32490348815918,120374986523
2025-03-30,14.504432678222656,15.586380004882812,14.249360084533691,15.413963317871094,95859996765
2025-03-31,14.226746559143066,14.730666160583496,14.1116943359375,14.504884719848633,71133887046
2025-04-01,14.242348670959473,14.37448501586914,13.70850658416748,14.226741790771484,112861713095
2025-04-02,14.824539184570312,15.13383960723877,14.364612579345703,14.899179458618164,113184022528
